{
	"info": {
		"_postman_id": "41de8292-09f3-4bb3-99c8-034a3f515ec9",
		"name": "Panel Management",
		"schema": "https://schema.getpostman.com/json/collection/v2.1.0/collection.json"
	},
	"item": [
		{
			"name": "CREATE",
			"request": {
				"method": "POST",
				"header": [],
				"body": {
					"mode": "raw",
					"raw": "{\"name\": \"abc\",\r\n\"skills\":\"java\"}"
				},
				"url": {
					"raw": "http://localhost:8080/api/panel/:id",
					"protocol": "http",
					"host": [
						"localhost"
					],
					"port": "8080",
					"path": [
						"api",
						"panel",
						":id"
					],
					"variable": [
						{
							"key": "id",
							"value": ""
						}
					]
				}
			},
			"response": []
		},
		{
			"name": "DELETE",
			"request": {
				"method": "DELETE",
				"header": [],
				"body": {
					"mode": "raw",
					"raw": "{\"id\":\"3\"}"
				},
				"url": {
					"raw": "http://localhost:8080/api/panel/:id",
					"protocol": "http",
					"host": [
						"localhost"
					],
					"port": "8080",
					"path": [
						"api",
						"panel",
						":id"
					],
					"variable": [
						{
							"key": "id",
							"value": ""
						}
					]
				}
			},
			"response": []
		},
		{
			"name": "Return panel",
			"request": {
				"method": "POST",
				"header": [
					{
						"key": "Content-Type",
						"name": "Content-Type",
						"value": "application/json",
						"type": "text"
					}
				],
				"body": {
					"mode": "raw",
					"raw": "{\"panelId\":\"1\",\n\"panelName\":\"C++ Panel\",\n\"skilss\":\"Java\",\n\"Interviewer\":\"xya\",\n\"Active\":true,\n\"BookedStatus\":true\n}"
				},
				"url": {
					"raw": "http://localhost:8080/api/panel",
					"protocol": "http",
					"host": [
						"localhost"
					],
					"port": "8080",
					"path": [
						"api",
						"panel"
					]
				}
			},
			"response": []
		},
		{
			"name": "RETURN BY SKILLS",
			"protocolProfileBehavior": {
				"disableBodyPruning": true
			},
			"request": {
				"method": "GET",
				"header": [],
				"body": {
					"mode": "raw",
					"raw": ""
				},
				"url": {
					"raw": "http://localhost:8080/api/panel/:skills",
					"protocol": "http",
					"host": [
						"localhost"
					],
					"port": "8080",
					"path": [
						"api",
						"panel",
						":skills"
					],
					"variable": [
						{
							"key": "skills",
							"value": ""
						}
					]
				}
			},
			"response": []
		},
		{
			"name": "update",
			"request": {
				"method": "PUT",
				"header": [],
				"body": {
					"mode": "raw",
					"raw": "{\"skills\":\"python\"}"
				},
				"url": {
					"raw": "http://localhost:8080/api/panel/1",
					"protocol": "http",
					"host": [
						"localhost"
					],
					"port": "8080",
					"path": [
						"api",
						"panel",
						"1"
					]
				}
			},
			"response": []
		},
		{
			"name": "GET SLOTS",
			"request": {
				"method": "GET",
				"header": [],
				"body": {
					"mode": "raw",
					"raw": ""
				},
				"url": {
					"raw": "http://localhost:8080/panelmgmt/slots",
					"protocol": "http",
					"host": [
						"localhost"
					],
					"port": "8080",
					"path": [
						"panelmgmt",
						"slots"
					]
				}
			},
			"response": []
		},
		{
			"name": "UpdateSlot",
			"request": {
				"method": "GET",
				"header": [],
				"body": {
					"mode": "raw",
					"raw": ""
				},
				"url": {
					"raw": ""
				}
			},
			"response": []
		},
		{
			"name": "Delete Slot",
			"request": {
				"method": "GET",
				"header": [],
				"body": {
					"mode": "raw",
					"raw": ""
				},
				"url": {
					"raw": "http://localhost:8080/api/slotdelete/1",
					"protocol": "http",
					"host": [
						"localhost"
					],
					"port": "8080",
					"path": [
						"api",
						"slotdelete",
						"1"
					]
				}
			},
			"response": []
		},
		{
			"name": "Create Slot",
			"request": {
				"method": "POST",
				"header": [
					{
						"key": "Content-Type",
						"name": "Content-Type",
						"value": "application/json",
						"type": "text"
					}
				],
				"body": {
					"mode": "raw",
					"raw": "{\n\t\"panelName\":\"XYZ\",\n\t\"startDate\":\"2002-12-09\",\n\t\"endDate\":\"2002-12-09\",\n\t\"time1\":\"12\",\n\t\"Duration\":\"1hrs\",\n\t\"slotused\":true,\n\t\"active\":true\n\t\n\t\n}"
				},
				"url": {
					"raw": "http://localhost:8080/api/slotcreate",
					"protocol": "http",
					"host": [
						"localhost"
					],
					"port": "8080",
					"path": [
						"api",
						"slotcreate"
					]
				}
			},
			"response": []
		},
		{
			"name": "Unused Slot",
			"request": {
				"method": "GET",
				"header": [],
				"body": {
					"mode": "raw",
					"raw": ""
				},
				"url": {
					"raw": ""
				}
			},
			"response": []
		},
		{
			"name": "Highest Slot",
			"request": {
				"method": "GET",
				"header": [],
				"body": {
					"mode": "raw",
					"raw": ""
				},
				"url": {
					"raw": ""
				}
			},
			"response": []
		},
		{
			"name": "Register",
			"request": {
				"method": "GET",
				"header": [],
				"body": {
					"mode": "raw",
					"raw": ""
				},
				"url": {
					"raw": ""
				}
			},
			"response": []
		},
		{
			"name": "Login",
			"request": {
				"method": "GET",
				"header": [],
				"body": {
					"mode": "raw",
					"raw": ""
				},
				"url": {
					"raw": ""
				}
			},
			"response": []
		},
		{
			"name": "Logout",
			"request": {
				"method": "GET",
				"header": [],
				"body": {
					"mode": "raw",
					"raw": ""
				},
				"url": {
					"raw": ""
				}
			},
			"response": []
		},
		{
			"name": "User Info",
			"request": {
				"method": "GET",
				"header": [],
				"body": {
					"mode": "raw",
					"raw": ""
				},
				"url": {
					"raw": ""
				}
			},
			"response": []
		}
	]
}